PSU Readback Voltage,PSU Readback Current,PSU Voltage Set,Load Current Set,DMM Voltage Measured,Programming/Voltage Absolute Error (V),Relative/Voltage Percentage Error (%),PSU Readback Voltage Error (V),Programming Upper Error Boundary (V),Programming Lower Error Boundary (V),Programming Condition,Readback Upper Error Boundary (V),Readback Lower Error Boundary (V),Readback Condition
1.000614,1.00055,1.0,1.0,1.00075992,0.0007599199999999,0.0759919999999914,-0.00014592,0.1605,-0.1605,PASS,0.1605,-0.1605,PASS
1.999474,1.00055,2.0,1.0,2.00253586,0.00253586,0.1267930000000028,-0.00306186,0.161,-0.161,PASS,0.161,-0.161,PASS
2.999347,1.00055,3.0,1.0,3.00603055,0.0060305500000001,0.2010183333333396,-0.0066835499999999,0.1615,-0.1615,PASS,0.1615,-0.1615,PASS
4.000233,1.00055,4.0,1.0,4.00962167,0.0096216699999995,0.2405417499999895,-0.0093886699999998,0.162,-0.162,PASS,0.162,-0.162,PASS
4.999106,1.00055,5.0,1.0,5.01125765,0.0112576500000001,0.2251530000000023,-0.0121516499999998,0.1625,-0.1625,PASS,0.1625,-0.1625,PASS
5.998991,1.00055,6.0,1.0,6.01494294,0.01494294,0.2490490000000011,-0.0159519399999998,0.163,-0.163,PASS,0.163,-0.163,PASS
6.997873,1.00055,7.0,1.0,7.01661764,0.0166176399999997,0.2373948571428538,-0.0187446399999995,0.1635,-0.1635,PASS,0.1635,-0.1635,PASS
7.998776,1.00055,8.0,1.0,8.02012591,0.0201259100000008,0.2515738750000107,-0.0213499100000005,0.164,-0.164,PASS,0.164,-0.164,PASS
8.999682,1.00055,9.0,1.0,9.02379779,0.0237977899999997,0.2644198888888857,-0.0241157899999997,0.1645,-0.1645,PASS,0.1645,-0.1645,PASS
9.998576,1.00055,10.0,1.0,10.0255036,0.0255036000000004,0.255036000000004,-0.0269276000000004,0.165,-0.165,PASS,0.165,-0.165,PASS
10.99949,1.00055,11.0,1.0,11.0293084,0.0293083999999996,0.266439999999997,-0.0298183999999999,0.1655,-0.1655,PASS,0.1655,-0.1655,PASS
11.99839,1.00055,12.0,1.0,12.0322148,0.0322148000000002,0.2684566666666684,-0.0338247999999996,0.166,-0.166,PASS,0.166,-0.166,PASS
12.99932,1.00055,13.0,1.0,13.0347931,0.0347930999999999,0.2676392307692301,-0.035473099999999,0.1665,-0.1665,PASS,0.1665,-0.1665,PASS
14.00025,1.00055,14.0,1.0,14.0379081,0.0379080999999992,0.2707721428571373,-0.0376580999999998,0.167,-0.167,PASS,0.167,-0.167,PASS
14.99916,1.00055,15.0,1.0,15.040423,0.0404230000000005,0.2694866666666703,-0.0412630000000007,0.1675,-0.1675,PASS,0.1675,-0.1675,PASS
16.0001,1.00055,16.0,1.0,16.0442401,0.0442400999999996,0.2765006249999979,-0.0441400999999999,0.168,-0.168,PASS,0.168,-0.168,PASS
17.00003,1.00055,17.0,1.0,17.0471128,0.0471128000000007,0.2771341176470631,-0.0470828000000018,0.1685,-0.1685,PASS,0.1685,-0.1685,PASS
17.99895,1.00055,18.0,1.0,18.0492693,0.0492692999999988,0.2737183333333269,-0.0503192999999981,0.169,-0.169,PASS,0.169,-0.169,PASS
18.9999,1.000876,19.0,1.0,19.0529748,0.0529748000000012,0.2788147368421116,-0.0530748000000009,0.1695,-0.1695,PASS,0.1695,-0.1695,PASS
20.00086,1.000876,20.0,1.0,20.0563241,0.0563241000000012,0.281620500000006,-0.0554641000000017,0.17,-0.17,PASS,0.17,-0.17,PASS
20.9998,1.00055,21.0,1.0,21.0577166,0.0577165999999991,0.2748409523809482,-0.0579165999999986,0.1705,-0.1705,PASS,0.1705,-0.1705,PASS
21.99975,1.00055,22.0,1.0,22.061949,0.0619489999999984,0.2815863636363567,-0.0621989999999996,0.171,-0.171,PASS,0.171,-0.171,PASS
23.00072,1.00055,23.0,1.0,23.0651556,0.0651556000000006,0.2832852173913072,-0.0644355999999994,0.1715,-0.1715,PASS,0.1715,-0.1715,PASS
23.99967,1.00055,24.0,1.0,24.0666455,0.0666454999999999,0.2776895833333329,-0.0669755000000016,0.17200000000000001,-0.17200000000000001,PASS,0.17200000000000001,-0.17200000000000001,PASS
24.99964,1.00055,25.0,1.0,25.0708205,0.0708204999999999,0.2832819999999998,-0.0711805000000005,0.17250000000000001,-0.17250000000000001,PASS,0.17250000000000001,-0.17250000000000001,PASS
26.00061,1.000876,26.0,1.0,26.0736405,0.0736404999999997,0.2832326923076914,-0.073030499999998,0.17300000000000001,-0.17300000000000001,PASS,0.17300000000000001,-0.17300000000000001,PASS
26.99958,1.000876,27.0,1.0,27.0757596,0.0757596000000013,0.2805911111111162,-0.0761795999999996,0.17350000000000002,-0.17350000000000002,PASS,0.17350000000000002,-0.17350000000000002,PASS
28.00057,1.00055,28.0,1.0,28.079636,0.0796360000000007,0.2844142857142882,-0.0790660000000009,0.17400000000000002,-0.17400000000000002,PASS,0.17400000000000002,-0.17400000000000002,PASS
29.00156,1.00055,29.0,1.0,29.0829987,0.0829987000000009,0.2862024137931068,-0.0814386999999996,0.17450000000000002,-0.17450000000000002,PASS,0.17450000000000002,-0.17450000000000002,PASS
29.99953,1.00055,30.0,1.0,30.0851015,0.0851015000000003,0.2836716666666679,-0.0855715000000003,0.175,-0.175,PASS,0.175,-0.175,PASS
31.00052,1.00055,31.0,1.0,31.0878838,0.0878838000000001,0.2834961290322586,-0.0873637999999985,0.1755,-0.1755,PASS,0.1755,-0.1755,PASS
32.00153,1.00055,32.0,1.0,32.0912149,0.0912148999999971,0.2850465624999909,-0.0896848999999946,0.176,-0.176,PASS,0.176,-0.176,PASS
1.001623,2.000051,1.0,2.0,0.998688399,-0.001311601,-0.1311601000000051,0.0029346009999999,0.1605,-0.1605,PASS,0.1605,-0.1605,PASS
1.999474,2.000051,2.0,2.0,1.99969932,-0.00030068,-0.0150340000000026,-0.0002253199999999,0.161,-0.161,PASS,0.161,-0.161,PASS
3.000356,2.000376,3.0,2.0,3.00312524,0.0031252400000001,0.1041746666666713,-0.0027692400000001,0.1615,-0.1615,PASS,0.1615,-0.1615,PASS
4.000233,2.000051,4.0,2.0,4.00666438,0.0066643800000001,0.1666095000000034,-0.0064313800000004,0.162,-0.162,PASS,0.162,-0.162,PASS
4.999106,2.000376,5.0,2.0,5.00834854,0.00834854,0.1669708000000014,-0.0092425399999998,0.1625,-0.1625,PASS,0.1625,-0.1625,PASS
6.0,2.000376,6.0,2.0,6.0119916,0.0119915999999999,0.1998599999999998,-0.0119915999999999,0.163,-0.163,PASS,0.163,-0.163,PASS
6.997873,2.000376,7.0,2.0,7.01363715,0.01363715,0.1948164285714299,-0.0157641499999998,0.1635,-0.1635,PASS,0.1635,-0.1635,PASS
7.998776,2.000376,8.0,2.0,8.01720447,0.0172044699999993,0.215055874999992,-0.018428469999999,0.164,-0.164,PASS,0.164,-0.164,PASS
8.999682,2.000376,9.0,2.0,9.02064868,0.0206486800000007,0.2294297777777861,-0.0209666800000007,0.1645,-0.1645,PASS,0.1645,-0.1645,PASS
9.998576,2.000376,10.0,2.0,10.0224312,0.0224311999999997,0.2243119999999976,-0.0238551999999998,0.165,-0.165,PASS,0.165,-0.165,PASS
10.99949,2.000376,11.0,2.0,11.026123,0.0261230000000001,0.2374818181818192,-0.0266330000000003,0.1655,-0.1655,PASS,0.1655,-0.1655,PASS
11.99839,2.000702,12.0,2.0,12.0283052,0.0283052000000001,0.2358766666666678,-0.0299151999999995,0.166,-0.166,PASS,0.166,-0.166,PASS
12.99932,2.000376,13.0,2.0,13.0318512,0.0318512000000001,0.2450092307692322,-0.0325311999999993,0.1665,-0.1665,PASS,0.1665,-0.1665,PASS
14.00025,2.000702,14.0,2.0,14.0351242,0.0351242000000002,0.2508871428571448,-0.0348742000000008,0.167,-0.167,PASS,0.167,-0.167,PASS
14.99815,2.000376,15.0,2.0,15.0374501,0.0374500999999991,0.2496673333333277,-0.0393000999999983,0.1675,-0.1675,PASS,0.1675,-0.1675,PASS
16.0001,2.000376,16.0,2.0,16.0407673,0.0407672999999988,0.2547956249999927,-0.040667299999999,0.168,-0.168,PASS,0.168,-0.168,PASS
17.00003,2.000376,17.0,2.0,17.0435936,0.0435936000000012,0.2564329411764778,-0.0435636000000023,0.1685,-0.1685,PASS,0.1685,-0.1685,PASS
17.99895,2.000376,18.0,2.0,18.0453028,0.0453028000000017,0.2516822222222319,-0.046352800000001,0.169,-0.169,PASS,0.169,-0.169,PASS
18.9999,2.000702,19.0,2.0,19.0488938,0.0488937999999983,0.2573357894736754,-0.048993799999998,0.1695,-0.1695,PASS,0.1695,-0.1695,PASS
20.00086,2.000376,20.0,2.0,20.0527892,0.0527891999999994,0.2639459999999971,-0.0519292,0.17,-0.17,PASS,0.17,-0.17,PASS
20.99879,2.000376,21.0,2.0,21.0550285,0.0550284999999988,0.2620404761904705,-0.0562384999999991,0.1705,-0.1705,PASS,0.1705,-0.1705,PASS
21.99975,2.000376,22.0,2.0,22.0583277,0.0583276999999995,0.265125909090907,-0.0585777000000007,0.171,-0.171,PASS,0.171,-0.171,PASS
23.00072,2.000376,23.0,2.0,23.0609919,0.0609919000000012,0.2651821739130487,-0.0602719,0.1715,-0.1715,PASS,0.1715,-0.1715,PASS
23.99866,2.000376,24.0,2.0,24.0639607,0.0639606999999991,0.2665029166666629,-0.0653006999999981,0.17200000000000001,-0.17200000000000001,PASS,0.17200000000000001,-0.17200000000000001,PASS
24.99964,2.000702,25.0,2.0,25.0666318,0.0666317999999996,0.2665271999999987,-0.0669918000000002,0.17250000000000001,-0.17250000000000001,PASS,0.17250000000000001,-0.17250000000000001,PASS
26.00061,2.000376,26.0,2.0,26.070198,0.0701980000000013,0.2699923076923127,-0.0695879999999995,0.17300000000000001,-0.17300000000000001,PASS,0.17300000000000001,-0.17300000000000001,PASS
26.99958,2.000376,27.0,2.0,27.0722684,0.0722683999999986,0.2676607407407358,-0.0726883999999969,0.17350000000000002,-0.17350000000000002,PASS,0.17350000000000002,-0.17350000000000002,PASS
27.99956,2.000376,28.0,2.0,28.0755166,0.0755166000000002,0.2697021428571438,-0.0759566000000013,0.17400000000000002,-0.17400000000000002,PASS,0.17400000000000002,-0.17400000000000002,PASS
29.00055,2.000376,29.0,2.0,29.0785344,0.0785343999999987,0.2708082758620648,-0.0779843999999982,0.17450000000000002,-0.17450000000000002,PASS,0.17450000000000002,-0.17450000000000002,PASS
29.99953,2.000376,30.0,2.0,30.0804056,0.0804055999999988,0.2680186666666628,-0.0808755999999988,0.175,-0.175,PASS,0.175,-0.175,PASS
31.00052,2.000702,31.0,2.0,31.0843359,0.0843358999999992,0.2720512903225782,-0.0838158999999976,0.1755,-0.1755,PASS,0.1755,-0.1755,PASS
32.00153,2.000376,32.0,2.0,32.0890095,0.089009500000003,0.2781546875000096,-0.0874795000000006,0.176,-0.176,PASS,0.176,-0.176,PASS
1.002632,3.000457,1.0,3.0,0.995737481,-0.0042625189999999,-0.4262518999999964,0.0068945189999999,0.1605,-0.1605,PASS,0.1605,-0.1605,PASS
1.999474,3.000457,2.0,3.0,1.99699248,-0.0030075199999999,-0.1503759999999965,0.0024815199999999,0.161,-0.161,PASS,0.161,-0.161,PASS
3.000356,3.000457,3.0,3.0,3.00036419,0.0003641899999999,0.0121396666666662,-8.189999999963504e-06,0.1615,-0.1615,PASS,0.1615,-0.1615,PASS
4.000233,3.000457,4.0,3.0,4.00379518,0.00379518,0.0948795000000002,-0.0035621800000003,0.162,-0.162,PASS,0.162,-0.162,PASS
4.999106,3.000457,5.0,3.0,5.00530624,0.0053062400000003,0.106124800000007,-0.00620024,0.1625,-0.1625,PASS,0.1625,-0.1625,PASS
5.998991,3.000457,6.0,3.0,6.00876665,0.00876665,0.1461108333333349,-0.0097756499999999,0.163,-0.163,PASS,0.163,-0.163,PASS
6.997873,3.000782,7.0,3.0,7.01046169,0.0104616899999996,0.149452714285709,-0.0125886899999994,0.1635,-0.1635,PASS,0.1635,-0.1635,PASS
7.998776,3.000457,8.0,3.0,8.01395632,0.0139563200000001,0.1744540000000016,-0.0151803199999998,0.164,-0.164,PASS,0.164,-0.164,PASS
8.999682,3.000782,9.0,3.0,9.0173711,0.0173711,0.1930122222222231,-0.0176891000000001,0.1645,-0.1645,PASS,0.1645,-0.1645,PASS
9.998576,3.000457,10.0,3.0,10.0192738,0.0192738000000005,0.1927380000000056,-0.0206978000000006,0.165,-0.165,PASS,0.165,-0.165,PASS
10.99949,3.000457,11.0,3.0,11.0227751,0.0227751000000004,0.2070463636363681,-0.0232851000000007,0.1655,-0.1655,PASS,0.1655,-0.1655,PASS
11.99839,3.000782,12.0,3.0,12.0249283,0.0249282999999991,0.207735833333326,-0.0265382999999985,0.166,-0.166,PASS,0.166,-0.166,PASS
12.99831,3.000457,13.0,3.0,13.0280083,0.0280082999999997,0.2154484615384597,-0.0296982999999997,0.1665,-0.1665,PASS,0.1665,-0.1665,PASS
13.99924,3.000782,14.0,3.0,14.0315709,0.0315709000000001,0.2255064285714298,-0.0323308999999998,0.167,-0.167,PASS,0.167,-0.167,PASS
14.99815,3.000782,15.0,3.0,15.0334663,0.0334663000000006,0.2231086666666707,-0.0353162999999998,0.1675,-0.1675,PASS,0.1675,-0.1675,PASS
15.99909,3.000457,16.0,3.0,16.037378,0.0373780000000003,0.2336125000000022,-0.0382879999999996,0.168,-0.168,PASS,0.168,-0.168,PASS
17.00003,3.000782,17.0,3.0,17.0408681,0.0408681000000008,0.2404005882352991,-0.0408381000000019,0.1685,-0.1685,PASS,0.1685,-0.1685,PASS
17.99895,3.000782,18.0,3.0,18.0429982,0.0429981999999995,0.2388788888888863,-0.0440481999999988,0.169,-0.169,PASS,0.169,-0.169,PASS
18.9989,3.000457,19.0,3.0,19.0455579,0.0455578999999986,0.2397784210526241,-0.0466578999999995,0.1695,-0.1695,PASS,0.1695,-0.1695,PASS
19.99985,3.000457,20.0,3.0,20.049372,0.0493720000000017,0.2468600000000087,-0.0495220000000031,0.17,-0.17,PASS,0.17,-0.17,PASS
20.99879,3.000782,21.0,3.0,21.0512008,0.0512008000000001,0.243813333333334,-0.0524108000000005,0.1705,-0.1705,PASS,0.1705,-0.1705,PASS
21.99975,3.000457,22.0,3.0,22.054919,0.0549190000000017,0.2496318181818259,-0.0551690000000029,0.171,-0.171,PASS,0.171,-0.171,PASS
22.99971,3.000457,23.0,3.0,23.0582849,0.0582849000000003,0.2534126086956535,-0.0585748999999999,0.1715,-0.1715,PASS,0.1715,-0.1715,PASS
23.99866,3.000457,24.0,3.0,24.0598288,0.0598287999999982,0.2492866666666593,-0.0611687999999972,0.17200000000000001,-0.17200000000000001,PASS,0.17200000000000001,-0.17200000000000001,PASS
24.99964,3.000782,25.0,3.0,25.0626587,0.0626587,0.2506348000000002,-0.0630187000000006,0.17250000000000001,-0.17250000000000001,PASS,0.17250000000000001,-0.17250000000000001,PASS
26.00061,3.000457,26.0,3.0,26.0670843,0.0670843000000012,0.2580165384615431,-0.0664742999999994,0.17300000000000001,-0.17300000000000001,PASS,0.17300000000000001,-0.17300000000000001,PASS
26.99857,3.000457,27.0,3.0,27.0679334,0.0679334000000011,0.2516051851851894,-0.0693634000000003,0.17350000000000002,-0.17350000000000002,PASS,0.17350000000000002,-0.17350000000000002,PASS
27.99956,3.000457,28.0,3.0,28.0721682,0.0721682000000001,0.2577435714285719,-0.0726082000000012,0.17400000000000002,-0.17400000000000002,PASS,0.17400000000000002,-0.17400000000000002,PASS
29.00055,3.000782,29.0,3.0,29.075104,0.0751039999999996,0.2589793103448262,-0.0745539999999991,0.17450000000000002,-0.17450000000000002,PASS,0.17450000000000002,-0.17450000000000002,PASS
29.99852,3.000782,30.0,3.0,30.0777045,0.0777044999999994,0.259014999999998,-0.0791845000000002,0.175,-0.175,PASS,0.175,-0.175,PASS
30.99952,3.000782,31.0,3.0,31.0809437,0.0809436999999988,0.2611087096774156,-0.0814236999999984,0.1755,-0.1755,PASS,0.1755,-0.1755,PASS
32.00052,3.000782,32.0,3.0,32.0845953,0.0845952999999966,0.2643603124999893,-0.0840752999999949,0.176,-0.176,PASS,0.176,-0.176,PASS
1.001623,4.000466,1.0,4.0,0.992420395,-0.0075796049999999,-0.7579604999999989,0.0092026049999999,0.1605,-0.1605,PASS,0.1605,-0.1605,PASS
1.999474,4.000466,2.0,4.0,1.99381008,-0.0061899199999999,-0.309495999999998,0.0056639199999999,0.161,-0.161,PASS,0.161,-0.161,PASS
2.999347,4.000792,3.0,4.0,2.99711361,-0.00288639,-0.0962130000000005,0.0022333900000002,0.1615,-0.1615,PASS,0.1615,-0.1615,PASS
4.000233,4.000792,4.0,4.0,4.00085466,0.0008546599999998,0.0213664999999974,-0.0006216600000001,0.162,-0.162,PASS,0.162,-0.162,PASS
4.999106,4.000792,5.0,4.0,5.00220812,0.0022081199999997,0.044162399999994,-0.0031021199999994,0.1625,-0.1625,PASS,0.1625,-0.1625,PASS
5.998991,4.000792,6.0,4.0,6.00570472,0.0057047199999997,0.0950786666666629,-0.0067137199999995,0.163,-0.163,PASS,0.163,-0.163,PASS
6.997873,4.000792,7.0,4.0,7.00718345,0.0071834500000003,0.1026207142857187,-0.00931045,0.1635,-0.1635,PASS,0.1635,-0.1635,PASS
7.998776,4.000792,8.0,4.0,8.01075107,0.0107510699999995,0.1343883749999941,-0.0119750699999992,0.164,-0.164,PASS,0.164,-0.164,PASS
8.999682,4.000792,9.0,4.0,9.01430283,0.0143028300000001,0.1589203333333344,-0.0146208300000001,0.1645,-0.1645,PASS,0.1645,-0.1645,PASS
9.998576,4.000792,10.0,4.0,10.0159578,0.0159578000000006,0.1595780000000068,-0.0173818000000007,0.165,-0.165,PASS,0.165,-0.165,PASS
10.99949,4.000792,11.0,4.0,11.0196256,0.0196255999999994,0.1784145454545405,-0.0201355999999996,0.1655,-0.1655,PASS,0.1655,-0.1655,PASS
11.99739,4.001117,12.0,4.0,12.0223328,0.0223327999999991,0.1861066666666596,-0.0249427999999998,0.166,-0.166,PASS,0.166,-0.166,PASS
12.99831,4.001117,13.0,4.0,13.0252442,0.0252441999999994,0.1941861538461499,-0.0269341999999994,0.1665,-0.1665,PASS,0.1665,-0.1665,PASS
13.99924,4.001117,14.0,4.0,14.0287429,0.0287428999999992,0.2053064285714231,-0.0295028999999988,0.167,-0.167,PASS,0.167,-0.167,PASS
14.99815,4.001117,15.0,4.0,15.0310233,0.0310232999999993,0.2068219999999954,-0.0328732999999985,0.1675,-0.1675,PASS,0.1675,-0.1675,PASS
15.99909,4.001117,16.0,4.0,16.0339759,0.0339759000000015,0.2123493750000094,-0.0348859000000008,0.168,-0.168,PASS,0.168,-0.168,PASS
17.00003,4.000792,17.0,4.0,17.0381092,0.0381092000000009,0.2241717647058879,-0.038079200000002,0.1685,-0.1685,PASS,0.1685,-0.1685,PASS
17.99795,4.000792,18.0,4.0,18.0390288,0.0390288000000005,0.2168266666666696,-0.041078800000001,0.169,-0.169,PASS,0.169,-0.169,PASS
18.9989,4.000792,19.0,4.0,19.0423908,0.0423907999999997,0.2231094736842091,-0.0434908000000007,0.1695,-0.1695,PASS,0.1695,-0.1695,PASS
19.99884,4.001117,20.0,4.0,20.0458264,0.0458263999999992,0.2291319999999963,-0.0469863999999979,0.17,-0.17,PASS,0.17,-0.17,PASS
20.99879,4.000792,21.0,4.0,21.0476818,0.0476817999999994,0.2270561904761878,-0.0488917999999998,0.1705,-0.1705,PASS,0.1705,-0.1705,PASS
21.99874,4.000792,22.0,4.0,22.0510251,0.0510251000000003,0.2319322727272744,-0.0522850999999988,0.171,-0.171,PASS,0.171,-0.171,PASS
22.99971,4.000792,23.0,4.0,23.0546421,0.0546420999999988,0.2375743478260817,-0.0549320999999984,0.1715,-0.1715,PASS,0.1715,-0.1715,PASS
23.99765,4.000792,24.0,4.0,24.0560904,0.0560903999999986,0.2337099999999944,-0.0584403999999985,0.17200000000000001,-0.17200000000000001,PASS,0.17200000000000001,-0.17200000000000001,PASS
24.99863,4.000466,25.0,4.0,25.0588057,0.0588057000000006,0.2352228000000025,-0.060175700000002,0.17250000000000001,-0.17250000000000001,PASS,0.17250000000000001,-0.17250000000000001,PASS
25.99961,4.000792,26.0,4.0,26.0627997,0.0627996999999993,0.2415373076923052,-0.0631896999999988,0.17300000000000001,-0.17300000000000001,PASS,0.17300000000000001,-0.17300000000000001,PASS
26.99857,4.000792,27.0,4.0,27.0651636,0.0651636000000017,0.2413466666666732,-0.0665936000000009,0.17350000000000002,-0.17350000000000002,PASS,0.17350000000000002,-0.17350000000000002,PASS
27.99855,4.000792,28.0,4.0,28.0683007,0.0683007000000017,0.2439310714285777,-0.0697507000000001,0.17400000000000002,-0.17400000000000002,PASS,0.17400000000000002,-0.17400000000000002,PASS
28.99954,4.000792,29.0,4.0,29.0723074,0.0723073999999996,0.2493358620689644,-0.0727674,0.17450000000000002,-0.17450000000000002,PASS,0.17450000000000002,-0.17450000000000002,PASS
29.99852,4.000792,30.0,4.0,30.0736136,0.0736136000000016,0.245378666666672,-0.0750936000000024,0.175,-0.175,PASS,0.175,-0.175,PASS
30.99952,4.000792,31.0,4.0,31.0771066,0.0771066000000004,0.2487309677419369,-0.0775866,0.1755,-0.1755,PASS,0.1755,-0.1755,PASS
31.99951,4.000792,32.0,4.0,32.0804376,0.0804376000000033,0.2513675000000104,-0.0809276000000025,0.176,-0.176,PASS,0.176,-0.176,PASS
1.002632,5.000079,1.0,5.0,0.989614056,-0.010385944,-1.0385944000000036,0.013017944,0.1605,-0.1605,PASS,0.1605,-0.1605,PASS
1.999474,5.000403,2.0,5.0,1.99087747,-0.0091225299999999,-0.4561264999999981,0.0085965299999999,0.161,-0.161,PASS,0.161,-0.161,PASS
2.999347,5.000403,3.0,5.0,2.99421715,-0.0057828500000001,-0.1927616666666705,0.0051298500000003,0.1615,-0.1615,PASS,0.1615,-0.1615,PASS
4.000233,5.000403,4.0,5.0,3.99775304,-0.0022469599999999,-0.0561739999999977,0.0024799599999996,0.162,-0.162,PASS,0.162,-0.162,PASS
4.998097,5.000403,5.0,5.0,4.99912308,-0.0008769199999996,-0.0175383999999922,-0.0010260800000008,0.1625,-0.1625,PASS,0.1625,-0.1625,PASS
5.998991,5.000403,6.0,5.0,6.00245951,0.0024595100000004,0.0409918333333407,-0.0034685100000002,0.163,-0.163,PASS,0.163,-0.163,PASS
6.997873,5.000403,7.0,5.0,7.00396682,0.0039668199999995,0.0566688571428513,-0.0060938199999993,0.1635,-0.1635,PASS,0.1635,-0.1635,PASS
7.998776,5.000403,8.0,5.0,8.00769224,0.0076922400000007,0.0961530000000099,-0.0089162400000004,0.164,-0.164,PASS,0.164,-0.164,PASS
8.998673,5.000403,9.0,5.0,9.01111309,0.0111130900000002,0.1234787777777807,-0.0124400900000001,0.1645,-0.1645,PASS,0.1645,-0.1645,PASS
9.997567,5.000403,10.0,5.0,10.0127161,0.0127161000000004,0.1271610000000045,-0.0151491000000003,0.165,-0.165,PASS,0.165,-0.165,PASS
10.99848,5.000403,11.0,5.0,11.0164317,0.0164317,0.1493790909090913,-0.0179516999999993,0.1655,-0.1655,PASS,0.1655,-0.1655,PASS
11.99739,5.000403,12.0,5.0,12.0190319,0.0190318999999998,0.1585991666666656,-0.0216419000000005,0.166,-0.166,PASS,0.166,-0.166,PASS
12.99831,5.000403,13.0,5.0,13.0222264,0.0222263999999992,0.1709723076923015,-0.0239163999999991,0.1665,-0.1665,PASS,0.1665,-0.1665,PASS
13.99924,5.000403,14.0,5.0,14.0249056,0.0249056000000003,0.177897142857145,-0.0256655999999999,0.167,-0.167,PASS,0.167,-0.167,PASS
14.99815,5.000403,15.0,5.0,15.0266939,0.0266938999999997,0.1779593333333314,-0.0285438999999989,0.1675,-0.1675,PASS,0.1675,-0.1675,PASS
15.99808,5.000403,16.0,5.0,16.0303902,0.0303901999999993,0.189938749999996,-0.0323101999999995,0.168,-0.168,PASS,0.168,-0.168,PASS
16.99902,5.000403,17.0,5.0,17.0338704,0.0338704000000014,0.1992376470588318,-0.0348503999999998,0.1685,-0.1685,PASS,0.1685,-0.1685,PASS
17.99795,5.000403,18.0,5.0,18.0354068,0.0354068000000005,0.1967044444444473,-0.037456800000001,0.169,-0.169,PASS,0.169,-0.169,PASS
18.9989,5.000403,19.0,5.0,19.0387797,0.0387796999999991,0.204103684210522,-0.0398797000000001,0.1695,-0.1695,PASS,0.1695,-0.1695,PASS
19.99884,5.000403,20.0,5.0,20.0425639,0.0425639000000011,0.2128195000000055,-0.0437238999999998,0.17,-0.17,PASS,0.17,-0.17,PASS
20.99778,5.000403,21.0,5.0,21.0444503,0.0444503000000011,0.2116680952381008,-0.0466703000000023,0.1705,-0.1705,PASS,0.1705,-0.1705,PASS
21.99874,5.000729,22.0,5.0,22.0476455,0.0476455000000015,0.2165704545454616,-0.0489055,0.171,-0.171,PASS,0.171,-0.171,PASS
22.9987,5.000729,23.0,5.0,23.0517306,0.051730599999999,0.224915652173909,-0.0530305999999995,0.1715,-0.1715,PASS,0.1715,-0.1715,PASS
23.99765,5.000403,24.0,5.0,24.0525647,0.0525647000000013,0.2190195833333389,-0.0549147000000012,0.17200000000000001,-0.17200000000000001,PASS,0.17200000000000001,-0.17200000000000001,PASS
24.99762,5.000403,25.0,5.0,25.0565937,0.0565937000000005,0.2263748000000021,-0.0589736999999992,0.17250000000000001,-0.17250000000000001,PASS,0.17250000000000001,-0.17250000000000001,PASS
25.99961,5.000403,26.0,5.0,26.0589601,0.0589601000000001,0.226769615384616,-0.0593500999999996,0.17300000000000001,-0.17300000000000001,PASS,0.17300000000000001,-0.17300000000000001,PASS
26.99756,5.000729,27.0,5.0,27.0608312,0.060831199999999,0.2253007407407373,-0.063271199999999,0.17350000000000002,-0.17350000000000002,PASS,0.17350000000000002,-0.17350000000000002,PASS
27.99855,5.000403,28.0,5.0,28.0648988,0.0648988000000017,0.2317814285714346,-0.0663488000000001,0.17400000000000002,-0.17400000000000002,PASS,0.17400000000000002,-0.17400000000000002,PASS
28.99853,5.000403,29.0,5.0,29.0675442,0.0675442000000003,0.23291103448276,-0.0690142000000015,0.17450000000000002,-0.17450000000000002,PASS,0.17450000000000002,-0.17450000000000002,PASS
29.99751,5.000403,30.0,5.0,30.0701448,0.0701448000000013,0.2338160000000045,-0.072634800000003,0.175,-0.175,PASS,0.175,-0.175,PASS
30.99851,5.000729,31.0,5.0,31.0727718,0.0727718000000017,0.2347477419354894,-0.0742618000000021,0.1755,-0.1755,PASS,0.1755,-0.1755,PASS
31.99951,5.000729,32.0,5.0,32.0771184,0.0771184000000033,0.2409950000000105,-0.0776084000000025,0.176,-0.176,PASS,0.176,-0.176,PASS
1.001623,6.000594,1.0,6.0,0.98661144,-0.0133885599999999,-1.3388559999999994,0.0150115599999999,0.1605,-0.1605,PASS,0.1605,-0.1605,PASS
1.999474,6.000918,2.0,6.0,1.98796391,-0.01203609,-0.6018045000000027,0.01151009,0.161,-0.161,PASS,0.161,-0.161,PASS
3.000356,6.000918,3.0,6.0,2.99117227,-0.0088277300000001,-0.2942576666666715,0.0091837300000001,0.1615,-0.1615,PASS,0.1615,-0.1615,PASS
4.000233,6.001243,4.0,6.0,3.99474533,-0.0052546699999997,-0.1313667499999948,0.0054876699999995,0.162,-0.162,PASS,0.162,-0.162,PASS
4.998097,6.001243,5.0,6.0,4.99600494,-0.0039950600000002,-0.0799012000000054,0.0020920599999998,0.1625,-0.1625,PASS,0.1625,-0.1625,PASS
5.998991,6.000918,6.0,6.0,5.99953206,-0.00046794,-0.0077990000000009,-0.0005410599999997,0.163,-0.163,PASS,0.163,-0.163,PASS
6.997873,6.000918,7.0,6.0,7.00100279,0.0010027900000002,0.014325571428575,-0.00312979,0.1635,-0.1635,PASS,0.1635,-0.1635,PASS
7.998776,6.000918,8.0,6.0,8.00454755,0.0045475499999998,0.056844374999998,-0.0057715499999995,0.164,-0.164,PASS,0.164,-0.164,PASS
8.998673,6.000918,9.0,6.0,9.00815604,0.0081560399999993,0.0906226666666596,-0.0094830399999992,0.1645,-0.1645,PASS,0.1645,-0.1645,PASS
9.997567,6.001243,10.0,6.0,10.0096668,0.0096667999999997,0.0966679999999975,-0.0120997999999996,0.165,-0.165,PASS,0.165,-0.165,PASS
10.99848,6.000918,11.0,6.0,11.0132036,0.0132036000000006,0.1200327272727331,-0.0147235999999999,0.1655,-0.1655,PASS,0.1655,-0.1655,PASS
11.99739,6.001243,12.0,6.0,12.0150588,0.0150588000000002,0.1254900000000021,-0.0176688000000009,0.166,-0.166,PASS,0.166,-0.166,PASS
12.99831,6.000918,13.0,6.0,13.0184627,0.0184627000000006,0.1420207692307739,-0.0201527000000005,0.1665,-0.1665,PASS,0.1665,-0.1665,PASS
13.99924,6.001243,14.0,6.0,14.0223738,0.0223738000000004,0.1598128571428603,-0.0231338,0.167,-0.167,PASS,0.167,-0.167,PASS
14.99815,6.000918,15.0,6.0,15.0247172,0.0247171999999995,0.1647813333333303,-0.0265671999999987,0.1675,-0.1675,PASS,0.1675,-0.1675,PASS
15.99808,6.000918,16.0,6.0,16.0279209,0.0279209000000015,0.1745056250000098,-0.0298409000000017,0.168,-0.168,PASS,0.168,-0.168,PASS
16.99902,6.000918,17.0,6.0,17.031128,0.0311279999999989,0.1831058823529349,-0.0321079999999973,0.1685,-0.1685,PASS,0.1685,-0.1685,PASS
17.99795,6.000918,18.0,6.0,18.0320814,0.0320813999999991,0.1782299999999952,-0.0341313999999997,0.169,-0.169,PASS,0.169,-0.169,PASS
18.99789,6.001243,19.0,6.0,19.0366279,0.0366278999999991,0.1927784210526271,-0.0387378999999974,0.1695,-0.1695,PASS,0.1695,-0.1695,PASS
19.99884,6.000918,20.0,6.0,20.0401807,0.0401807000000005,0.2009035000000025,-0.0413406999999992,0.17,-0.17,PASS,0.17,-0.17,PASS
20.99778,6.001243,21.0,6.0,21.0418389,0.0418388999999983,0.1992328571428492,-0.0440588999999995,0.1705,-0.1705,PASS,0.1705,-0.1705,PASS
21.99773,6.000918,22.0,6.0,22.0444722,0.0444722000000012,0.2021463636363695,-0.0467422000000006,0.171,-0.171,PASS,0.171,-0.171,PASS
22.9987,6.000918,23.0,6.0,23.0481073,0.0481073000000016,0.2091621739130505,-0.0494073000000021,0.1715,-0.1715,PASS,0.1715,-0.1715,PASS
23.99765,6.000918,24.0,6.0,24.0433297,0.043329700000001,0.1805404166666709,-0.0456797000000008,0.17200000000000001,-0.17200000000000001,PASS,0.17200000000000001,-0.17200000000000001,PASS
24.99762,6.000918,25.0,6.0,25.0492059,0.0492059000000004,0.1968236000000018,-0.0515858999999991,0.17250000000000001,-0.17250000000000001,PASS,0.17250000000000001,-0.17250000000000001,PASS
25.9986,6.000918,26.0,6.0,26.0542386,0.0542386000000014,0.2086100000000056,-0.0556386000000017,0.17300000000000001,-0.17300000000000001,PASS,0.17300000000000001,-0.17300000000000001,PASS
1.001623,7.00071,1.0,7.0,0.981717055,-0.018282945,-1.828294500000005,0.0199059449999999,0.1605,-0.1605,PASS,0.1605,-0.1605,PASS
1.999474,7.001035,2.0,7.0,1.9831587,-0.0168413,-0.842065000000003,0.0163153,0.161,-0.161,PASS,0.161,-0.161,PASS
2.999347,7.001035,3.0,7.0,2.98654084,-0.01345916,-0.4486386666666675,0.0128061600000002,0.1615,-0.1615,PASS,0.1615,-0.1615,PASS
4.000233,7.001359,4.0,7.0,3.9900571,-0.0099428999999999,-0.2485724999999994,0.0101758999999996,0.162,-0.162,PASS,0.162,-0.162,PASS
4.998097,7.001035,5.0,7.0,4.99158092,-0.0084190800000003,-0.1683816000000071,0.0065160799999999,0.1625,-0.1625,PASS,0.1625,-0.1625,PASS
5.998991,7.001359,6.0,7.0,5.99498868,-0.0050113200000003,-0.0835220000000062,0.0040023200000005,0.163,-0.163,PASS,0.163,-0.163,PASS
6.997873,7.001359,7.0,7.0,6.99662406,-0.0033759399999997,-0.0482277142857106,0.0012489399999999,0.1635,-0.1635,PASS,0.1635,-0.1635,PASS
7.998776,7.001035,8.0,7.0,8.00011144,0.0001114399999995,0.0013929999999939,-0.0013354399999991,0.164,-0.164,PASS,0.164,-0.164,PASS
8.998673,7.001359,9.0,7.0,9.00336761,0.0033676099999997,0.037417888888886,-0.0046946099999995,0.1645,-0.1645,PASS,0.1645,-0.1645,PASS
9.997567,7.001359,10.0,7.0,10.0050781,0.0050781000000004,0.0507810000000041,-0.0075111000000003,0.165,-0.165,PASS,0.165,-0.165,PASS
10.99848,7.001359,11.0,7.0,11.007647,0.0076470000000004,0.0695181818181854,-0.0091669999999997,0.1655,-0.1655,PASS,0.1655,-0.1655,PASS
11.99739,7.001359,12.0,7.0,12.0104417,0.0104416999999994,0.087014166666662,-0.0130517000000001,0.166,-0.166,PASS,0.166,-0.166,PASS
12.99831,7.001035,13.0,7.0,13.0135178,0.0135178000000006,0.1039830769230822,-0.0152078000000006,0.1665,-0.1665,PASS,0.1665,-0.1665,PASS
13.99823,7.001359,14.0,7.0,14.0174922,0.0174921999999995,0.1249442857142822,-0.0192622,0.167,-0.167,PASS,0.167,-0.167,PASS
14.99714,7.001035,15.0,7.0,15.019262,0.0192619999999994,0.1284133333333296,-0.0221219999999995,0.1675,-0.1675,PASS,0.1675,-0.1675,PASS
15.99808,7.001035,16.0,7.0,16.0225549,0.0225548999999993,0.1409681249999961,-0.0244748999999995,0.168,-0.168,PASS,0.168,-0.168,PASS
16.99902,7.001035,17.0,7.0,17.0264436,0.0264436000000003,0.1555505882352961,-0.0274235999999987,0.1685,-0.1685,PASS,0.1685,-0.1685,PASS
17.99694,7.001359,18.0,7.0,18.0285811,0.0285811000000002,0.1587838888888902,-0.0316411000000016,0.169,-0.169,PASS,0.169,-0.169,PASS
18.99789,7.001359,19.0,7.0,19.0314866,0.0314866000000009,0.1657189473684259,-0.0335965999999992,0.1695,-0.1695,PASS,0.1695,-0.1695,PASS
19.99884,7.001359,20.0,7.0,20.0347856,0.0347855999999993,0.1739279999999965,-0.035945599999998,0.17,-0.17,PASS,0.17,-0.17,PASS
20.99677,7.001359,21.0,7.0,21.036063,0.0360629999999986,0.1717285714285648,-0.0392929999999971,0.1705,-0.1705,PASS,0.1705,-0.1705,PASS
21.99773,7.001359,22.0,7.0,22.0399431,0.0399430999999985,0.1815595454545389,-0.0422130999999978,0.171,-0.171,PASS,0.171,-0.171,PASS
1.001623,8.001079,1.0,8.0,0.979380425,-0.020619575,-2.0619575,0.0222425749999999,0.1605,-0.1605,PASS,0.1605,-0.1605,PASS
1.999474,8.001403,2.0,8.0,1.9807654,-0.0192346000000001,-0.9617300000000052,0.0187086,0.161,-0.161,PASS,0.161,-0.161,PASS
2.999347,8.001727,3.0,8.0,2.98415295,-0.01584705,-0.5282350000000029,0.0151940500000002,0.1615,-0.1615,PASS,0.1615,-0.1615,PASS
4.000233,8.001403,4.0,8.0,3.98770033,-0.0122996699999999,-0.3074917499999996,0.0125326699999996,0.162,-0.162,PASS,0.162,-0.162,PASS
4.998097,8.001403,5.0,8.0,4.98913398,-0.0108660199999999,-0.2173203999999984,0.0089630199999994,0.1625,-0.1625,PASS,0.1625,-0.1625,PASS
5.998991,8.001727,6.0,8.0,5.99259103,-0.0074089700000001,-0.1234828333333363,0.0063999700000003,0.163,-0.163,PASS,0.163,-0.163,PASS
6.997873,8.001727,7.0,8.0,6.99422357,-0.00577643,-0.0825204285714293,0.0036494300000002,0.1635,-0.1635,PASS,0.1635,-0.1635,PASS
7.998776,8.001727,8.0,8.0,7.99742837,-0.0025716300000002,-0.0321453750000033,0.0013476300000005,0.164,-0.164,PASS,0.164,-0.164,PASS
8.998673,8.001403,9.0,8.0,9.00024545,0.0002454499999995,0.002727222222217,-0.0015724499999993,0.1645,-0.1645,PASS,0.1645,-0.1645,PASS
9.997567,8.001727,10.0,8.0,10.0017457,0.0017457000000007,0.0174570000000073,-0.0041787000000006,0.165,-0.165,PASS,0.165,-0.165,PASS
10.99848,8.001727,11.0,8.0,11.0054629,0.0054628999999994,0.0496627272727226,-0.0069828999999987,0.1655,-0.1655,PASS,0.1655,-0.1655,PASS
11.99739,8.001727,12.0,8.0,12.0080863,0.0080863000000004,0.0673858333333369,-0.0106963000000011,0.166,-0.166,PASS,0.166,-0.166,PASS
12.99831,8.001727,13.0,8.0,13.0109823,0.0109823000000002,0.0844792307692324,-0.0126723000000001,0.1665,-0.1665,PASS,0.1665,-0.1665,PASS
13.99823,8.001727,14.0,8.0,14.0148874,0.0148873999999992,0.1063385714285658,-0.0166573999999997,0.167,-0.167,PASS,0.167,-0.167,PASS
14.99714,8.001727,15.0,8.0,15.0155203,0.0155203000000003,0.1034686666666691,-0.0183803000000004,0.1675,-0.1675,PASS,0.1675,-0.1675,PASS
15.99808,8.001727,16.0,8.0,16.0194697,0.0194696999999983,0.1216856249999898,-0.0213896999999985,0.168,-0.168,PASS,0.168,-0.168,PASS
16.99801,8.001727,17.0,8.0,17.022715,0.0227150000000015,0.1336176470588329,-0.0247050000000008,0.1685,-0.1685,PASS,0.1685,-0.1685,PASS
17.99694,8.001727,18.0,8.0,18.0238904,0.023890399999999,0.1327244444444393,-0.0269504000000004,0.169,-0.169,PASS,0.169,-0.169,PASS
18.99789,8.001727,19.0,8.0,19.02799,0.027989999999999,0.1473157894736793,-0.0300999999999973,0.1695,-0.1695,PASS,0.1695,-0.1695,PASS
19.99884,8.001727,20.0,8.0,20.0320917,0.0320916999999987,0.1604584999999936,-0.0332516999999974,0.17,-0.17,PASS,0.17,-0.17,PASS
1.001623,9.002022,1.0,9.0,0.975330937,-0.024669063,-2.4669063000000047,0.0262920629999999,0.1605,-0.1605,PASS,0.1605,-0.1605,PASS
1.999474,9.002346,2.0,9.0,1.97708269,-0.0229173099999999,-1.1458654999999984,0.0223913099999999,0.161,-0.161,PASS,0.161,-0.161,PASS
2.999347,9.002671,3.0,9.0,2.9807483,-0.0192516999999998,-0.641723333333329,0.0185987,0.1615,-0.1615,PASS,0.1615,-0.1615,PASS
4.000233,9.002671,4.0,9.0,3.98448648,-0.0155135199999998,-0.3878379999999959,0.0157465199999995,0.162,-0.162,PASS,0.162,-0.162,PASS
4.998097,9.002671,5.0,9.0,4.98244037,-0.01755963,-0.3511926000000009,0.0156566299999996,0.1625,-0.1625,PASS,0.1625,-0.1625,PASS
5.998991,9.002671,6.0,9.0,5.98658409,-0.0134159099999999,-0.2235984999999996,0.0124069100000001,0.163,-0.163,PASS,0.163,-0.163,PASS
6.997873,9.002671,7.0,9.0,6.98823657,-0.0117634300000002,-0.1680490000000034,0.0096364300000004,0.1635,-0.1635,PASS,0.1635,-0.1635,PASS
7.997767,9.002671,8.0,9.0,7.99165736,-0.0083426400000004,-0.104283000000005,0.00610964,0.164,-0.164,PASS,0.164,-0.164,PASS
8.998673,9.002346,9.0,9.0,8.99510606,-0.0048939400000005,-0.0543771111111171,0.0035669400000006,0.1645,-0.1645,PASS,0.1645,-0.1645,PASS
9.997567,9.002671,10.0,9.0,9.99666053,-0.0033394700000002,-0.0333947000000023,0.0009064700000003,0.165,-0.165,PASS,0.165,-0.165,PASS
10.99848,9.002346,11.0,9.0,11.0001884,0.0001884000000007,0.0017127272727341,-0.0017084,0.1655,-0.1655,PASS,0.1655,-0.1655,PASS
11.99739,9.002671,12.0,9.0,12.00305,0.0030499999999999,0.0254166666666666,-0.0056600000000006,0.166,-0.166,PASS,0.166,-0.166,PASS
12.9973,9.002671,13.0,9.0,13.0060951,0.0060950999999995,0.0468853846153813,-0.0087951000000003,0.1665,-0.1665,PASS,0.1665,-0.1665,PASS
13.99823,9.002671,14.0,9.0,14.0093653,0.0093653000000006,0.0668950000000049,-0.0111353000000011,0.167,-0.167,PASS,0.167,-0.167,PASS
14.99714,9.002346,15.0,9.0,15.010858,0.0108580000000007,0.0723866666666713,-0.0137180000000007,0.1675,-0.1675,PASS,0.1675,-0.1675,PASS
15.99808,9.002671,16.0,9.0,16.0144431,0.0144431000000011,0.0902693750000072,-0.0163631000000012,0.168,-0.168,PASS,0.168,-0.168,PASS
16.99902,9.002671,17.0,9.0,17.0180277,0.018027700000001,0.1060452941176534,-0.0190076999999995,0.1685,-0.1685,PASS,0.1685,-0.1685,PASS
1.001623,10.00289,1.0,10.0,0.96984253,-0.03015747,-3.015747000000002,0.0317804699999999,0.1605,-0.1605,PASS,0.1605,-0.1605,PASS
1.999474,10.00289,2.0,10.0,1.97175909,-0.02824091,-1.4120455000000032,0.02771491,0.161,-0.161,PASS,0.161,-0.161,PASS
2.999347,10.00321,3.0,10.0,2.97516304,-0.02483696,-0.8278986666666673,0.0241839600000002,0.1615,-0.1615,PASS,0.1615,-0.1615,PASS
4.000233,10.00321,4.0,10.0,3.97865524,-0.0213447599999998,-0.5336189999999963,0.0215777599999995,0.162,-0.162,PASS,0.162,-0.162,PASS
4.998097,10.00354,5.0,10.0,4.98078083,-0.0192191700000003,-0.3843834000000079,0.0173161699999999,0.1625,-0.1625,PASS,0.1625,-0.1625,PASS
5.998991,10.00354,6.0,10.0,5.98417533,-0.0158246699999997,-0.263744499999996,0.0148156699999999,0.163,-0.163,PASS,0.163,-0.163,PASS
6.997873,10.00354,7.0,10.0,6.98313868,-0.0168613200000002,-0.2408760000000041,0.0147343200000005,0.1635,-0.1635,PASS,0.1635,-0.1635,PASS
7.997767,10.00354,8.0,10.0,7.98700434,-0.0129956599999996,-0.1624457499999954,0.0107626599999992,0.164,-0.164,PASS,0.164,-0.164,PASS
8.998673,10.00354,9.0,10.0,8.99055898,-0.0094410200000005,-0.1049002222222286,0.0081140200000007,0.1645,-0.1645,PASS,0.1645,-0.1645,PASS
9.997567,10.00354,10.0,10.0,9.99235626,-0.0076437400000006,-0.0764374000000067,0.0052107400000007,0.165,-0.165,PASS,0.165,-0.165,PASS
10.99848,10.00354,11.0,10.0,10.9958179,-0.0041820999999995,-0.0380190909090865,0.0026621000000002,0.1655,-0.1655,PASS,0.1655,-0.1655,PASS
11.99739,10.00354,12.0,10.0,11.9974542,-0.0025458,-0.0212150000000003,-6.420000000062487e-05,0.166,-0.166,PASS,0.166,-0.166,PASS
12.9973,10.00354,13.0,10.0,13.0015438,0.0015438000000003,0.011875384615387,-0.0042438000000011,0.1665,-0.1665,PASS,0.1665,-0.1665,PASS
13.99823,10.00354,14.0,10.0,14.0042205,0.0042205000000006,0.030146428571433,-0.0059905000000011,0.167,-0.167,PASS,0.167,-0.167,PASS
14.99714,10.00354,15.0,10.0,15.0062159,0.0062159000000008,0.0414393333333388,-0.0090759000000009,0.1675,-0.1675,PASS,0.1675,-0.1675,PASS
15.99707,10.00354,16.0,10.0,16.0100991,0.0100991000000014,0.0631193750000091,-0.0130291000000006,0.168,-0.168,PASS,0.168,-0.168,PASS
